time_ms,position_step,position_deg,target_step
5000,1,0.000,4000
5005,3,0.000,4000
5010,6,0.000,4000
5015,10,0.000,4000
5020,15,0.150,4000
5025,21,0.150,4000
5030,28,0.300,4000
5035,36,0.450,4000
5040,45,0.750,4000
5045,54,0.900,4000
5050,64,1.200,4000
5055,74,1.350,4000
5060,85,1.500,4000
5065,97,1.800,4000
5070,110,1.950,4000
5075,122,2.250,4000
5080,137,2.550,4000
5085,154,2.700,4000
5090,172,3.150,4000
5095,191,3.450,4000
5100,212,3.900,4000
5105,232,4.200,4000
5110,250,4.500,4000
5115,266,4.650,4000
5120,287,4.950,4000
5125,307,5.100,4000
5130,327,5.400,4000
5135,349,5.700,4000
5140,371,6.000,4000
5145,392,6.150,4000
5150,411,6.300,4000
5155,430,6.450,4000
5160,450,6.450,4000
5165,471,6.450,4000
5170,492,6.600,4000
5175,512,6.600,4000
5180,532,6.600,4000
5185,552,6.600,4000
5190,574,6.450,4000
5195,596,6.450,4000
5200,615,6.450,4000
5205,634,6.300,4000
5210,654,6.000,4000
5215,676,5.850,4000
5220,697,5.550,4000
5225,716,5.400,4000
5230,735,5.250,4000
5235,755,4.950,4000
5240,777,4.650,4000
5245,798,4.350,4000
5250,817,4.050,4000
5255,838,3.750,4000
5260,859,3.300,4000
5265,880,3.000,4000
5270,902,2.700,4000
5275,922,2.250,4000
5280,945,1.950,4000
5285,966,1.650,4000
5290,986,1.350,4000
5295,1008,0.900,4000
5300,1028,0.450,4000
5305,1050,0.000,4000
5310,1070,-0.300,4000
5315,1092,-0.750,4000
5320,1112,-1.200,4000
5325,1131,-1.500,4000
5330,1152,-1.950,4000
5335,1174,-2.400,4000
5340,1196,-2.700,4000
5345,1216,-2.850,4000
5350,1236,-3.300,4000
5355,1255,-3.600,4000
5360,1274,-4.050,4000
5365,1296,-4.350,4000
5370,1317,-4.650,4000
5375,1337,-4.800,4000
5380,1356,-5.100,4000
5385,1374,-5.400,4000
5390,1395,-5.550,4000
5395,1418,-5.850,4000
5400,1440,-5.850,4000
5405,1462,-6.000,4000
5410,1485,-6.000,4000
5415,1507,-6.000,4000
5420,1530,-6.000,4000
5425,1552,-6.150,4000
5430,1575,-6.000,4000
5435,1597,-6.000,4000
5440,1620,-5.850,4000
5445,1642,-5.700,4000
5450,1662,-5.700,4000
5455,1685,-5.550,4000
5460,1705,-5.400,4000
5465,1726,-5.250,4000
5470,1746,-5.100,4000
5475,1765,-4.950,4000
5480,1785,-4.800,4000
5485,1806,-4.650,4000
5490,1828,-4.350,4000
5495,1848,-4.050,4000
5500,1869,-3.750,4000
5505,1892,-3.450,4000
5510,1912,-3.000,4000
5515,1934,-2.700,4000
5520,1955,-2.400,4000
5525,1974,-2.100,4000
5530,1995,-1.800,4000
5535,2014,-1.500,4000
5540,2036,-1.050,4000
5545,2057,-0.750,4000
5550,2078,-0.300,4000
5555,2097,0.000,4000
5560,2117,0.300,4000
5565,2140,0.750,4000
5570,2162,1.050,4000
5575,2182,1.500,4000
5580,2206,1.800,4000
5585,2228,2.250,4000
5590,2251,2.550,4000
5595,2274,3.000,4000
5600,2297,3.300,4000
5605,2319,3.600,4000
5610,2340,3.900,4000
5615,2362,4.200,4000
5620,2382,4.500,4000
5625,2403,4.650,4000
5630,2423,4.800,4000
5635,2443,4.950,4000
5640,2465,5.100,4000
5645,2487,5.250,4000
5650,2507,5.400,4000
5655,2528,5.550,4000
5660,2547,5.700,4000
5665,2569,5.700,4000
5670,2590,5.700,4000
5675,2611,5.700,4000
5680,2631,5.700,4000
5685,2652,5.700,4000
5690,2675,5.700,4000
5695,2697,5.700,4000
5700,2717,5.550,4000
5705,2737,5.400,4000
5710,2757,5.250,4000
5715,2779,5.100,4000
5720,2801,4.800,4000
5725,2821,4.650,4000
5730,2842,4.500,4000
5735,2862,4.200,4000
5740,2886,3.900,4000
5745,2907,3.750,4000
5750,2928,3.450,4000
5755,2947,3.150,4000
5760,2967,2.700,4000
5765,2988,2.400,4000
5770,3009,2.100,4000
5775,3030,1.800,4000
5780,3050,1.500,4000
5785,3073,1.050,4000
5790,3095,0.750,4000
5795,3118,0.450,4000
5800,3135,0.150,4000
5805,3154,-0.300,4000
5810,3177,-0.750,4000
5815,3199,-1.050,4000
5820,3222,-1.350,4000
5825,3241,-1.650,4000
5830,3259,-1.950,4000
5835,3281,-2.400,4000
5840,3304,-2.700,4000
5845,3327,-2.850,4000
5850,3349,-3.150,4000
5855,3372,-3.300,4000
5860,3394,-3.600,4000
5865,3417,-3.900,4000
5870,3440,-4.050,4000
5875,3463,-4.200,4000
5880,3485,-4.350,4000
5885,3507,-4.500,4000
5890,3529,-4.650,4000
5895,3551,-4.800,4000
5900,3575,-4.950,4000
5905,3597,-4.950,4000
5910,3619,-4.950,4000
5915,3642,-4.950,4000
5920,3664,-5.100,4000
5925,3687,-5.100,4000
5930,3709,-5.100,4000
5935,3732,-4.950,4000
5940,3754,-4.800,4000
5945,3777,-4.800,4000
5950,3799,-4.650,4000
5955,3822,-4.500,4000
5960,3843,-4.350,4000
5965,3862,-4.350,4000
5970,3881,-4.350,4000
5975,3898,-4.200,4000
5980,3911,-4.200,4000
5985,3924,-4.050,4000
5990,3937,-4.050,4000
5995,3948,-4.050,4000
6000,3957,-4.050,4000
6005,3967,-4.050,4000
6010,3976,-4.050,4000
6015,3983,-4.050,4000
6020,3989,-4.200,4000
6025,3994,-4.200,4000
6030,3997,-4.200,4000
6035,3999,-4.200,4000
6040,4000,-4.350,4000
6045,4000,-4.500,4000
6050,4000,-4.500,4000
6055,4000,-4.650,4000
6060,4000,-4.650,4000
6065,4000,-4.650,4000
6070,4000,-4.650,4000
6075,4000,-4.650,4000
6080,4000,-4.650,4000
6085,4000,-4.650,4000
6090,4000,-4.500,4000
6095,4000,-4.500,4000
6100,4000,-4.350,4000
6105,4000,-4.200,4000
6110,4000,-4.050,4000
6115,4000,-3.900,4000
6120,4000,-3.750,4000
6125,4000,-3.600,4000
6130,4000,-3.450,4000
6135,4000,-3.150,4000
6140,4000,-3.000,4000
6145,4000,-2.700,4000
6150,4000,-2.550,4000
6155,4000,-2.250,4000
6160,4000,-1.950,4000
6165,4000,-1.800,4000
6170,4000,-1.500,4000
6175,4000,-1.200,4000
6180,4000,-0.900,4000
6185,4000,-0.600,4000
6190,4000,-0.300,4000
6195,4000,0.000,4000
6200,4000,0.300,4000
6205,4000,0.450,4000
6210,4000,0.750,4000
6215,4000,1.050,4000
6220,4000,1.350,4000
6225,4000,1.650,4000
6230,4000,1.800,4000
6235,4000,2.100,4000
6240,4000,2.400,4000
6245,4000,2.550,4000
6250,4000,2.850,4000
6255,4000,3.000,4000
6260,4000,3.150,4000
6265,4000,3.450,4000
6270,4000,3.600,4000
6275,4000,3.750,4000
6280,4000,3.900,4000
6285,4000,4.050,4000
6290,4000,4.050,4000
6295,4000,4.200,4000
6300,4000,4.200,4000
6305,4000,4.350,4000
6310,4000,4.350,4000
6315,4000,4.350,4000
6320,4000,4.350,4000
6325,4000,4.350,4000
6330,4000,4.350,4000
6335,4000,4.200,4000
6340,4000,4.200,4000
6345,4000,4.050,4000
6350,4000,4.050,4000
6355,4000,3.900,4000
6360,4000,3.750,4000
6365,4000,3.600,4000
6370,4000,3.450,4000
6375,4000,3.300,4000
6380,4000,3.150,4000
6385,4000,2.850,4000
6390,4000,2.700,4000
6395,4000,2.400,4000
6400,4000,2.250,4000
6405,4000,1.950,4000
6410,4000,1.800,4000
6415,4000,1.500,4000
6420,4000,1.200,4000
6425,4000,1.050,4000
6430,4000,0.750,4000
6435,4000,0.450,4000
6440,4000,0.150,4000
6445,4000,-0.150,4000
6450,4000,-0.300,4000
6455,4000,-0.600,4000
6460,4000,-0.900,4000
6465,4000,-1.200,4000
6470,4000,-1.350,4000
6475,4000,-1.650,4000
6480,4000,-1.800,4000
6485,4000,-2.100,4000
6490,4000,-2.250,4000
6495,4000,-2.550,4000
6500,4000,-2.700,4000
6505,4000,-3.000,4000
6510,4000,-3.150,4000
6515,4000,-3.300,4000
6520,4000,-3.450,4000
6525,4000,-3.600,4000
6530,4000,-3.750,4000
6535,4000,-3.750,4000
6540,4000,-3.900,4000
6545,4000,-3.900,4000
6550,4000,-4.050,4000
6555,4000,-4.050,4000
6560,4000,-4.050,4000
6565,4000,-4.050,4000
6570,4000,-4.050,4000
6575,4000,-4.050,4000
6580,4000,-4.050,4000
6585,4000,-4.050,4000
6590,4000,-3.900,4000
6595,4000,-3.900,4000
6600,4000,-3.750,4000
6605,4000,-3.600,4000
6610,4000,-3.450,4000
6615,4000,-3.300,4000
6620,4000,-3.150,4000
6625,4000,-3.000,4000
6630,4000,-2.850,4000
6635,4000,-2.700,4000
6640,4000,-2.400,4000
6645,4000,-2.250,4000
6650,4000,-2.100,4000
6655,4000,-1.800,4000
6660,4000,-1.650,4000
6665,4000,-1.350,4000
6670,4000,-1.050,4000
6675,4000,-0.900,4000
6680,4000,-0.600,4000
6685,4000,-0.450,4000
6690,4000,-0.150,4000
6695,4000,0.150,4000
6700,4000,0.300,4000
6705,4000,0.600,4000
6710,4000,0.900,4000
6715,4000,1.050,4000
6720,4000,1.350,4000
6725,4000,1.500,4000
6730,4000,1.800,4000
6735,4000,1.950,4000
6740,4000,2.250,4000
6745,4000,2.400,4000
6750,4000,2.550,4000
6755,4000,2.700,4000
6760,4000,2.850,4000
6765,4000,3.000,4000
6770,4000,3.150,4000
6775,4000,3.300,4000
6780,4000,3.450,4000
6785,4000,3.450,4000
6790,4000,3.600,4000
6795,4000,3.600,4000
6800,4000,3.750,4000
6805,4000,3.750,4000
6810,4000,3.750,4000
6815,4000,3.750,4000
6820,4000,3.750,4000
6825,4000,3.750,4000
6830,4000,3.750,4000
6835,4000,3.600,4000
6840,4000,3.600,4000
6845,4000,3.450,4000
6850,4000,3.450,4000
6855,4000,3.300,4000
6860,4000,3.150,4000
6865,4000,3.000,4000
6870,4000,2.850,4000
6875,4000,2.700,4000
6880,4000,2.550,4000
6885,4000,2.400,4000
6890,4000,2.250,4000
6895,4000,1.950,4000
6900,4000,1.800,4000
6905,4000,1.650,4000
6910,4000,1.350,4000
6915,4000,1.200,4000
6920,4000,0.900,4000
6925,4000,0.750,4000
6930,4000,0.450,4000
6935,4000,0.300,4000
6940,4000,0.000,4000
6945,4000,-0.300,4000
6950,4000,-0.450,4000
6955,4000,-0.750,4000
6960,4000,-0.900,4000
6965,4000,-1.200,4000
6970,4000,-1.350,4000
6975,4000,-1.500,4000
6980,4000,-1.800,4000
6985,4000,-1.950,4000
6990,4000,-2.100,4000
6995,4000,-2.250,4000
7000,4000,-2.550,4000
7005,4000,-2.700,4000
7010,4000,-2.850,4000
7015,4000,-3.000,4000
7020,4000,-3.000,4000
7025,4000,-3.150,4000
7030,4000,-3.300,4000
7035,4000,-3.300,4000
7040,4000,-3.450,4000
7045,4000,-3.450,4000
7050,4000,-3.450,4000
7055,4000,-3.600,4000
7060,4000,-3.600,4000
7065,4000,-3.600,4000
7070,4000,-3.600,4000
7075,4000,-3.450,4000
7080,4000,-3.450,4000
7085,4000,-3.450,4000
7090,4000,-3.300,4000
7095,4000,-3.300,4000
7100,4000,-3.150,4000
7105,4000,-3.000,4000
7110,4000,-2.850,4000
7115,4000,-2.850,4000
7120,4000,-2.700,4000
7125,4000,-2.550,4000
7130,4000,-2.400,4000
7135,4000,-2.100,4000
7140,4000,-1.950,4000
7145,4000,-1.800,4000
7150,4000,-1.650,4000
7155,4000,-1.500,4000
7160,4000,-1.200,4000
7165,4000,-1.050,4000
7170,4000,-0.750,4000
7175,4000,-0.600,4000
7180,4000,-0.450,4000
7185,4000,-0.150,4000
7190,4000,0.000,4000
7195,4000,0.300,4000
7200,4000,0.450,4000
7205,4000,0.600,4000
7210,4000,0.900,4000
7215,4000,1.050,4000
7220,4000,1.350,4000
7225,4000,1.500,4000
7230,4000,1.650,4000
7235,4000,1.800,4000
7240,4000,1.950,4000
7245,4000,2.100,4000
7250,4000,2.250,4000
7255,4000,2.400,4000
7260,4000,2.550,4000
7265,4000,2.700,4000
7270,4000,2.850,4000
7275,4000,2.850,4000
7280,4000,3.000,4000
7285,4000,3.000,4000
7290,4000,3.150,4000
7295,4000,3.150,4000
7300,4000,3.150,4000
7305,4000,3.150,4000
7310,4000,3.300,4000
7315,4000,3.300,4000
7320,4000,3.150,4000
7325,4000,3.150,4000
7330,4000,3.150,4000
7335,4000,3.150,4000
7340,4000,3.000,4000
7345,4000,3.000,4000
7350,4000,2.850,4000
7355,4000,2.700,4000
7360,4000,2.550,4000
7365,4000,2.550,4000
7370,4000,2.400,4000
7375,4000,2.250,4000
7380,4000,2.100,4000
7385,4000,1.950,4000
7390,4000,1.800,4000
7395,4000,1.650,4000
7400,4000,1.350,4000
7405,4000,1.200,4000
7410,4000,1.050,4000
7415,4000,0.900,4000
7420,4000,0.600,4000
7425,4000,0.450,4000
7430,4000,0.300,4000
7435,4000,0.000,4000
7440,4000,-0.150,4000
7445,4000,-0.300,4000
7450,4000,-0.600,4000
7455,4000,-0.750,4000
7460,4000,-0.900,4000
7465,4000,-1.050,4000
7470,4000,-1.350,4000
7475,4000,-1.500,4000
7480,4000,-1.650,4000
7485,4000,-1.800,4000
7490,4000,-1.950,4000
7495,4000,-2.100,4000
7500,4000,-2.250,4000
7505,4000,-2.400,4000
7510,4000,-2.400,4000
7515,4000,-2.550,4000
7520,4000,-2.700,4000
7525,4000,-2.700,4000
7530,4000,-2.850,4000
7535,4000,-2.850,4000
7540,4000,-2.850,4000
7545,4000,-3.000,4000
7550,4000,-3.000,4000
7555,4000,-3.000,4000
7560,4000,-3.000,4000
7565,4000,-3.000,4000
7570,4000,-3.000,4000
7575,4000,-3.000,4000
7580,4000,-2.850,4000
7585,4000,-2.850,4000
7590,4000,-2.700,4000
7595,4000,-2.700,4000
7600,4000,-2.550,4000
7605,4000,-2.550,4000
7610,4000,-2.400,4000
7615,4000,-2.250,4000
7620,4000,-2.100,4000
7625,4000,-1.950,4000
7630,4000,-1.950,4000
7635,4000,-1.800,4000
7640,4000,-1.650,4000
7645,4000,-1.350,4000
7650,4000,-1.200,4000
7655,4000,-1.050,4000
7660,4000,-0.900,4000
7665,4000,-0.750,4000
7670,4000,-0.600,4000
7675,4000,-0.450,4000
7680,4000,-0.150,4000
7685,4000,0.000,4000
7690,4000,0.150,4000
7695,4000,0.300,4000
7700,4000,0.450,4000
7705,4000,0.750,4000
7710,4000,0.900,4000
7715,4000,1.050,4000
7720,4000,1.200,4000
7725,4000,1.350,4000
7730,4000,1.500,4000
7735,4000,1.650,4000
7740,4000,1.800,4000
7745,4000,1.950,4000
7750,4000,1.950,4000
7755,4000,2.100,4000
7760,4000,2.250,4000
7765,4000,2.250,4000
7770,4000,2.400,4000
7775,4000,2.550,4000
7780,4000,2.550,4000
7785,4000,2.550,4000
7790,4000,2.700,4000
7795,4000,2.700,4000
7800,4000,2.700,4000
7805,4000,2.700,4000
7810,4000,2.700,4000
7815,4000,2.700,4000
7820,4000,2.700,4000
7825,4000,2.700,4000
7830,4000,2.550,4000
7835,4000,2.550,4000
7840,4000,2.400,4000
7845,4000,2.400,4000
7850,4000,2.250,4000
7855,4000,2.250,4000
7860,4000,2.100,4000
7865,4000,1.950,4000
7870,4000,1.950,4000
7875,4000,1.800,4000
7880,4000,1.650,4000
7885,4000,1.500,4000
7890,4000,1.350,4000
7895,4000,1.200,4000
7900,4000,1.050,4000
7905,4000,0.900,4000
7910,4000,0.750,4000
7915,4000,0.600,4000
7920,4000,0.450,4000
7925,4000,0.300,4000
7930,4000,0.150,4000
7935,4000,0.000,4000
7940,4000,-0.300,4000
7945,4000,-0.450,4000
7950,4000,-0.600,4000
7955,4000,-0.750,4000
7960,4000,-0.900,4000
7965,4000,-1.050,4000
7970,4000,-1.200,4000
7975,4000,-1.350,4000
7980,4000,-1.500,4000
7985,4000,-1.500,4000
7990,4000,-1.650,4000
7995,4000,-1.800,4000
8000,4000,-1.950,4000
8005,4000,-1.950,4000
8010,4000,-2.100,4000
8015,4000,-2.100,4000
8020,4000,-2.250,4000
8025,4000,-2.250,4000
8030,4000,-2.400,4000
8035,4000,-2.400,4000
8040,4000,-2.400,4000
8045,4000,-2.400,4000
8050,4000,-2.400,4000
8055,4000,-2.550,4000
8060,4000,-2.550,4000
8065,4000,-2.400,4000
8070,4000,-2.400,4000
8075,4000,-2.400,4000
8080,4000,-2.400,4000
8085,4000,-2.250,4000
8090,4000,-2.250,4000
8095,4000,-2.100,4000
8100,4000,-2.100,4000
8105,4000,-1.950,4000
8110,4000,-1.950,4000
8115,4000,-1.800,4000
8120,4000,-1.650,4000
8125,4000,-1.650,4000
8130,4000,-1.500,4000
8135,4000,-1.350,4000
8140,4000,-1.200,4000
8145,4000,-1.050,4000
8150,4000,-0.900,4000
8155,4000,-0.750,4000
8160,4000,-0.600,4000
8165,4000,-0.450,4000
8170,4000,-0.300,4000
8175,4000,-0.150,4000
8180,4000,-0.150,4000
8185,4000,0.000,4000
8190,4000,0.150,4000
8195,4000,0.300,4000
8200,4000,0.450,4000
8205,4000,0.600,4000
8210,4000,0.750,4000
8215,4000,0.900,4000
8220,4000,1.050,4000
8225,4000,1.200,4000
8230,4000,1.350,4000
8235,4000,1.350,4000
8240,4000,1.500,4000
8245,4000,1.650,4000
8250,4000,1.650,4000
8255,4000,1.800,4000
8260,4000,1.800,4000
8265,4000,1.950,4000
8270,4000,1.950,4000
8275,4000,2.100,4000
8280,4000,2.100,4000
8285,4000,2.100,4000
8290,4000,2.100,4000
8295,4000,2.100,4000
8300,4000,2.100,4000
8305,4000,2.100,4000
8310,4000,2.100,4000
8315,4000,2.100,4000
8320,4000,2.100,4000
8325,4000,2.100,4000
8330,4000,2.100,4000
8335,4000,1.950,4000
8340,4000,1.950,4000
8345,4000,1.800,4000
8350,4000,1.800,4000
8355,4000,1.650,4000
8360,4000,1.650,4000
8365,4000,1.500,4000
8370,4000,1.500,4000
8375,4000,1.350,4000
8380,4000,1.200,4000
8385,4000,1.050,4000
8390,4000,1.050,4000
8395,4000,0.900,4000
8400,4000,0.750,4000
8405,4000,0.600,4000
8410,4000,0.450,4000
8415,4000,0.300,4000
8420,4000,0.300,4000
8425,4000,0.150,4000
8430,4000,0.000,4000
8435,4000,-0.150,4000
8440,4000,-0.300,4000
8445,4000,-0.450,4000
8450,4000,-0.600,4000
8455,4000,-0.600,4000
8460,4000,-0.750,4000
8465,4000,-0.900,4000
8470,4000,-1.050,4000
8475,4000,-1.050,4000
8480,4000,-1.200,4000
8485,4000,-1.350,4000
8490,4000,-1.350,4000
8495,4000,-1.500,4000
8500,4000,-1.500,4000
8505,4000,-1.650,4000
8510,4000,-1.650,4000
8515,4000,-1.800,4000
8520,4000,-1.800,4000
8525,4000,-1.800,4000
8530,4000,-1.950,4000
8535,4000,-1.950,4000
8540,4000,-1.950,4000
8545,4000,-1.950,4000
8550,4000,-1.950,4000
8555,4000,-1.950,4000
8560,4000,-1.950,4000
8565,4000,-1.950,4000
8570,4000,-1.950,4000
8575,4000,-1.800,4000
8580,4000,-1.800,4000
8585,4000,-1.800,4000
8590,4000,-1.650,4000
8595,4000,-1.650,4000
8600,4000,-1.650,4000
8605,4000,-1.500,4000
8610,4000,-1.500,4000
8615,4000,-1.350,4000
8620,4000,-1.200,4000
8625,4000,-1.200,4000
8630,4000,-1.050,4000
8635,4000,-0.900,4000
8640,4000,-0.900,4000
8645,4000,-0.750,4000
8650,4000,-0.600,4000
8655,4000,-0.600,4000
8660,4000,-0.450,4000
8665,4000,-0.300,4000
8670,4000,-0.150,4000
8675,4000,-0.150,4000
8680,4000,0.000,4000
8685,4000,0.150,4000
8690,4000,0.300,4000
8695,4000,0.300,4000
8700,4000,0.450,4000
8705,4000,0.600,4000
8710,4000,0.750,4000
8715,4000,0.750,4000
8720,4000,0.900,4000
8725,4000,0.900,4000
8730,4000,1.050,4000
8735,4000,1.200,4000
8740,4000,1.200,4000
8745,4000,1.350,4000
8750,4000,1.350,4000
8755,4000,1.350,4000
8760,4000,1.500,4000
8765,4000,1.500,4000
8770,4000,1.500,4000
8775,4000,1.650,4000
8780,4000,1.650,4000
8785,4000,1.650,4000
8790,4000,1.650,4000
8795,4000,1.650,4000
8800,4000,1.650,4000
8805,4000,1.650,4000
8810,4000,1.650,4000
8815,4000,1.650,4000
8820,4000,1.650,4000
8825,4000,1.500,4000
8830,4000,1.500,4000
8835,4000,1.500,4000
8840,4000,1.500,4000
8845,4000,1.350,4000
8850,4000,1.350,4000
8855,4000,1.200,4000
8860,4000,1.200,4000
8865,4000,1.050,4000
8870,4000,1.050,4000
8875,4000,0.900,4000
8880,4000,0.900,4000
8885,4000,0.750,4000
8890,4000,0.750,4000
8895,4000,0.600,4000
8900,4000,0.450,4000
8905,4000,0.450,4000
8910,4000,0.300,4000
8915,4000,0.150,4000
8920,4000,0.150,4000
8925,4000,0.000,4000
8930,4000,-0.150,4000
8935,4000,-0.150,4000
8940,4000,-0.300,4000
8945,4000,-0.300,4000
8950,4000,-0.450,4000
8955,4000,-0.600,4000
8960,4000,-0.600,4000
8965,4000,-0.750,4000
8970,4000,-0.750,4000
8975,4000,-0.900,4000
8980,4000,-0.900,4000
8985,4000,-1.050,4000
8990,4000,-1.050,4000
8995,4000,-1.200,4000
9000,4000,-1.200,4000
9005,4000,-1.200,4000
9010,4000,-1.350,4000
9015,4000,-1.350,4000
9020,4000,-1.350,4000
9025,4000,-1.350,4000
9030,4000,-1.350,4000
9035,4000,-1.500,4000
9040,4000,-1.500,4000
9045,4000,-1.500,4000
9050,4000,-1.500,4000
9055,4000,-1.500,4000
9060,4000,-1.500,4000
9065,4000,-1.350,4000
9070,4000,-1.350,4000
9075,4000,-1.350,4000
9080,4000,-1.350,4000
9085,4000,-1.350,4000
9090,4000,-1.200,4000
9095,4000,-1.200,4000
9100,4000,-1.200,4000
9105,4000,-1.050,4000
9110,4000,-1.050,4000
9115,4000,-0.900,4000
9120,4000,-0.900,4000
9125,4000,-0.750,4000
9130,4000,-0.750,4000
9135,4000,-0.600,4000
9140,4000,-0.600,4000
9145,4000,-0.450,4000
9150,4000,-0.450,4000
9155,4000,-0.300,4000
9160,4000,-0.300,4000
9165,4000,-0.150,4000
9170,4000,-0.150,4000
9175,4000,0.000,4000
9180,4000,0.000,4000
9185,4000,0.150,4000
9190,4000,0.300,4000
9195,4000,0.300,4000
9200,4000,0.450,4000
9205,4000,0.450,4000
9210,4000,0.600,4000
9215,4000,0.600,4000
9220,4000,0.600,4000
9225,4000,0.750,4000
9230,4000,0.750,4000
9235,4000,0.900,4000
9240,4000,0.900,4000
9245,4000,0.900,4000
9250,4000,1.050,4000
9255,4000,1.050,4000
9260,4000,1.050,4000
9265,4000,1.050,4000
9270,4000,1.050,4000
9275,4000,1.200,4000
9280,4000,1.200,4000
9285,4000,1.200,4000
9290,4000,1.200,4000
9295,4000,1.200,4000
9300,4000,1.200,4000
9305,4000,1.200,4000
9310,4000,1.200,4000
9315,4000,1.050,4000
9320,4000,1.050,4000
9325,4000,1.050,4000
9330,4000,1.050,4000
9335,4000,1.050,4000
9340,4000,0.900,4000
9345,4000,0.900,4000
9350,4000,0.900,4000
9355,4000,0.750,4000
9360,4000,0.750,4000
9365,4000,0.750,4000
9370,4000,0.600,4000
9375,4000,0.600,4000
9380,4000,0.600,4000
9385,4000,0.450,4000
9390,4000,0.450,4000
9395,4000,0.300,4000
9400,4000,0.300,4000
9405,4000,0.300,4000
9410,4000,0.150,4000
9415,4000,0.150,4000
9420,4000,0.000,4000
9425,4000,0.000,4000
9430,4000,0.000,4000
9435,4000,-0.150,4000
9440,4000,-0.150,4000
9445,4000,-0.300,4000
9450,4000,-0.300,4000
9455,4000,-0.450,4000
9460,4000,-0.450,4000
9465,4000,-0.450,4000
9470,4000,-0.600,4000
9475,4000,-0.600,4000
9480,4000,-0.600,4000
9485,4000,-0.750,4000
9490,4000,-0.750,4000
9495,4000,-0.750,4000
9500,4000,-0.750,4000
9505,4000,-0.900,4000
9510,4000,-0.900,4000
9515,4000,-0.900,4000
9520,4000,-0.900,4000
9525,4000,-0.900,4000
9530,4000,-0.900,4000
9535,4000,-0.900,4000
9540,4000,-0.900,4000
9545,4000,-0.900,4000
9550,4000,-0.900,4000
9555,4000,-0.900,4000
9560,4000,-0.900,4000
9565,4000,-0.900,4000
9570,4000,-0.900,4000
9575,4000,-0.900,4000
9580,4000,-0.750,4000
9585,4000,-0.750,4000
9590,4000,-0.750,4000
9595,4000,-0.750,4000
9600,4000,-0.750,4000
9605,4000,-0.600,4000
9610,4000,-0.600,4000
9615,4000,-0.600,4000
9620,4000,-0.600,4000
9625,4000,-0.450,4000
9630,4000,-0.450,4000
9635,4000,-0.450,4000
9640,4000,-0.300,4000
9645,4000,-0.300,4000
9650,4000,-0.300,4000
9655,4000,-0.150,4000
9660,4000,-0.150,4000
9665,4000,-0.150,4000
9670,4000,0.000,4000
9675,4000,0.000,4000
9680,4000,0.000,4000
9685,4000,0.150,4000
9690,4000,0.150,4000
9695,4000,0.300,4000
9700,4000,0.300,4000
9705,4000,0.300,4000
9710,4000,0.300,4000
9715,4000,0.450,4000
9720,4000,0.450,4000
9725,4000,0.450,4000
9730,4000,0.450,4000
9735,4000,0.450,4000
9740,4000,0.600,4000
9745,4000,0.600,4000
9750,4000,0.600,4000
9755,4000,0.600,4000
9760,4000,0.600,4000
9765,4000,0.600,4000
9770,4000,0.600,4000
9775,4000,0.600,4000
9780,4000,0.600,4000
9785,4000,0.600,4000
9790,4000,0.600,4000
9795,4000,0.600,4000
9800,4000,0.600,4000
9805,4000,0.600,4000
9810,4000,0.600,4000
9815,4000,0.600,4000
9820,4000,0.600,4000
9825,4000,0.600,4000
9830,4000,0.600,4000
9835,4000,0.600,4000
9840,4000,0.450,4000
9845,4000,0.450,4000
9850,4000,0.450,4000
9855,4000,0.450,4000
9860,4000,0.450,4000
9865,4000,0.300,4000
9870,4000,0.300,4000
9875,4000,0.300,4000
9880,4000,0.150,4000
9885,4000,0.150,4000
9890,4000,0.150,4000
9895,4000,0.150,4000
9900,4000,0.000,4000
9905,4000,0.000,4000
9910,4000,0.000,4000
9915,4000,0.000,4000
9920,4000,0.000,4000
9925,4000,-0.150,4000
9930,4000,-0.150,4000
9935,4000,-0.150,4000
9940,4000,-0.150,4000
9945,4000,-0.150,4000
9950,4000,-0.150,4000
9955,4000,-0.300,4000
9960,4000,-0.300,4000
9965,4000,-0.300,4000
9970,4000,-0.300,4000
9975,4000,-0.300,4000
9980,4000,-0.300,4000
9985,4000,-0.300,4000
9990,4000,-0.450,4000
9995,4000,-0.450,4000
10000,4000,-0.450,4000
10005,4000,-0.450,4000
10010,4000,-0.450,4000
10015,4000,-0.450,4000
10020,4000,-0.450,4000
10025,4000,-0.450,4000
10030,4000,-0.450,4000
10035,4000,-0.450,4000
10040,4000,-0.450,4000
10045,4000,-0.450,4000
10050,4000,-0.450,4000
10055,4000,-0.450,4000
10060,4000,-0.450,4000
10065,4000,-0.450,4000
10070,4000,-0.450,4000
10075,4000,-0.300,4000
10080,4000,-0.300,4000
10085,4000,-0.300,4000
10090,4000,-0.300,4000
10095,4000,-0.300,4000
10100,4000,-0.300,4000
10105,4000,-0.150,4000
10110,4000,-0.150,4000
10115,4000,-0.150,4000
10120,4000,-0.150,4000
10125,4000,-0.150,4000
10130,4000,0.000,4000
10135,4000,0.000,4000
10140,4000,0.000,4000
10145,4000,0.000,4000
10150,4000,0.000,4000
10155,4000,0.150,4000
10160,4000,0.150,4000
10165,4000,0.150,4000
10170,4000,0.150,4000
10175,4000,0.150,4000
10180,4000,0.150,4000
10185,4000,0.150,4000
10190,4000,0.150,4000
10195,4000,0.150,4000
10200,4000,0.150,4000
10205,4000,0.300,4000
10210,4000,0.300,4000
10215,4000,0.300,4000
10220,4000,0.300,4000
10225,4000,0.300,4000
10230,4000,0.300,4000
10235,4000,0.300,4000
10240,4000,0.300,4000
10245,4000,0.300,4000
10250,4000,0.300,4000
10255,4000,0.300,4000
10260,4000,0.300,4000
10265,4000,0.300,4000
10270,4000,0.300,4000
10275,4000,0.300,4000
10280,4000,0.150,4000
10285,4000,0.150,4000
10290,4000,0.150,4000
10295,4000,0.150,4000
10300,4000,0.150,4000
10305,4000,0.150,4000
10310,4000,0.150,4000
10315,4000,0.150,4000
10320,4000,0.150,4000
10325,4000,0.150,4000
10330,4000,0.150,4000
10335,4000,0.150,4000
10340,4000,0.150,4000
10345,4000,0.000,4000
10350,4000,0.000,4000
10355,4000,0.000,4000
10360,4000,0.000,4000
10365,4000,0.000,4000
10370,4000,0.000,4000
10375,4000,0.000,4000
10380,4000,0.000,4000
10385,4000,0.000,4000
10390,4000,0.000,4000
10395,4000,0.000,4000
10400,4000,0.000,4000
10405,4000,0.000,4000
10410,4000,-0.150,4000
10415,4000,-0.150,4000
10420,4000,-0.150,4000
10425,4000,-0.150,4000
10430,4000,-0.150,4000
10435,4000,-0.150,4000
10440,4000,-0.150,4000
10445,4000,-0.150,4000
10450,4000,-0.150,4000
10455,4000,-0.150,4000
10460,4000,-0.150,4000
10465,4000,-0.150,4000
10470,4000,-0.150,4000
10475,4000,-0.150,4000
10480,4000,-0.150,4000
10485,4000,-0.150,4000
10490,4000,-0.150,4000
10495,4000,-0.150,4000
10500,4000,-0.150,4000
10505,4000,-0.150,4000
10510,4000,-0.150,4000
10515,4000,-0.150,4000
10520,4000,-0.150,4000
10525,4000,-0.150,4000
10530,4000,-0.150,4000
10535,4000,-0.150,4000
10540,4000,-0.150,4000
10545,4000,-0.150,4000
10550,4000,-0.150,4000
10555,4000,-0.150,4000
10560,4000,-0.150,4000
10565,4000,-0.150,4000
10570,4000,0.000,4000
10575,4000,0.000,4000
10580,4000,0.000,4000
10585,4000,0.000,4000
10590,4000,0.000,4000
10595,4000,0.000,4000
10600,4000,0.000,4000
10605,4000,0.000,4000
10610,4000,0.000,4000
10615,4000,0.000,4000
10620,4000,0.000,4000
10625,4000,0.000,4000
10630,4000,0.000,4000
10635,4000,0.150,4000
10640,4000,0.150,4000
10645,4000,0.150,4000
10650,4000,0.150,4000
10655,4000,0.150,4000
10660,4000,0.150,4000
10665,4000,0.150,4000
10670,4000,0.150,4000
10675,4000,0.150,4000
10680,4000,0.150,4000
10685,4000,0.000,4000
10690,4000,0.000,4000
10695,4000,0.000,4000
10700,4000,0.000,4000
10705,4000,0.000,4000
10710,4000,0.000,4000
10715,4000,0.000,4000
10720,4000,0.000,4000
10725,4000,0.000,4000
10730,4000,0.000,4000
10735,4000,0.000,4000
10740,4000,0.000,4000
10745,4000,0.000,4000
10750,4000,0.000,4000
10755,4000,0.000,4000
10760,4000,0.000,4000
10765,4000,0.000,4000
10770,4000,0.000,4000
10775,4000,0.000,4000
10780,4000,0.000,4000
10785,4000,0.000,4000
10790,4000,0.000,4000
10795,4000,0.000,4000
10800,4000,0.000,4000
10805,4000,0.000,4000
10810,4000,0.000,4000
10815,4000,0.000,4000
10820,4000,0.000,4000
10825,4000,0.000,4000
10830,4000,0.000,4000
10835,4000,0.000,4000
10840,4000,0.000,4000
10845,4000,0.000,4000
10850,4000,0.000,4000
10855,4000,0.000,4000
10860,4000,0.000,4000
10865,4000,0.000,4000
10870,4000,0.000,4000
10875,4000,0.000,4000
10880,4000,0.000,4000
10885,4000,0.000,4000
10890,4000,0.000,4000
10895,4000,0.000,4000
10900,4000,0.000,4000
10905,4000,0.000,4000
10910,4000,0.000,4000
10915,4000,0.000,4000
10920,4000,0.000,4000
10925,4000,0.000,4000
10930,4000,0.000,4000
10935,4000,0.000,4000
10940,4000,0.000,4000
10945,4000,0.000,4000
10950,4000,0.000,4000
10955,4000,0.000,4000
10960,4000,0.000,4000
10965,4000,0.000,4000
10970,4000,0.000,4000
10975,4000,0.000,4000
10980,4000,0.000,4000
10985,4000,0.000,4000
10990,4000,0.000,4000
10995,4000,0.000,4000
11000,4000,0.000,4000
11005,4000,0.000,4000
11010,4000,0.000,4000
11015,4000,0.000,4000
11020,4000,0.000,4000
11025,4000,-0.150,4000
11030,4000,-0.150,4000
11035,4000,-0.150,4000
11040,4000,-0.150,4000
11045,4000,-0.150,4000
11050,4000,0.000,4000
11055,4000,0.000,4000
11060,4000,0.000,4000
11065,4000,0.000,4000
11070,4000,0.000,4000
11075,4000,0.000,4000
11080,4000,0.000,4000
11085,4000,0.000,4000
11090,4000,0.000,4000
11095,4000,0.150,4000
11100,4000,0.150,4000
11105,4000,0.150,4000
11110,4000,0.150,4000
11115,4000,0.150,4000
11120,4000,0.150,4000
11125,4000,0.150,4000
11130,4000,0.150,4000
11135,4000,0.150,4000
11140,4000,0.150,4000
11145,4000,0.150,4000
11150,4000,0.150,4000
11155,4000,0.000,4000
11160,4000,0.000,4000
11165,4000,0.000,4000
11170,4000,0.000,4000
11175,4000,0.000,4000
11180,4000,0.000,4000
11185,4000,0.000,4000
11190,4000,0.000,4000
11195,4000,0.000,4000
11200,4000,0.000,4000
11205,4000,0.000,4000
11210,4000,0.000,4000
11215,4000,0.000,4000
11220,4000,0.000,4000
11225,4000,0.000,4000
11230,4000,0.000,4000
11235,4000,0.000,4000
11240,4000,0.000,4000
11245,4000,0.000,4000
11250,4000,0.000,4000
11255,4000,0.000,4000
11260,4000,0.000,4000
11265,4000,0.000,4000
11270,4000,0.000,4000
11275,4000,0.000,4000
11280,4000,0.000,4000
11285,4000,0.000,4000
11290,4000,0.000,4000
11295,4000,0.000,4000
11300,4000,0.000,4000
11305,4000,0.000,4000
11310,4000,0.000,4000
11315,4000,0.000,4000
11320,4000,0.000,4000
11325,4000,0.000,4000
11330,4000,0.000,4000
11335,4000,0.000,4000
11340,4000,0.000,4000
11345,4000,0.000,4000
11350,4000,0.000,4000
11355,4000,0.000,4000
11360,4000,0.000,4000
11365,4000,0.000,4000
11370,4000,0.000,4000
11375,4000,0.000,4000
11380,4000,0.000,4000
11385,4000,0.000,4000
11390,4000,0.000,4000
11395,4000,0.000,4000
11400,4000,0.000,4000
11405,4000,0.000,4000
11410,4000,0.000,4000
11415,4000,0.000,4000
11420,4000,0.000,4000
11425,4000,0.000,4000
11430,4000,0.000,4000
11435,4000,0.000,4000
11440,4000,0.000,4000
11445,4000,0.000,4000
11450,4000,0.000,4000
11455,4000,0.000,4000
11460,4000,0.000,4000
11465,4000,0.000,4000
11470,4000,0.000,4000
11475,4000,0.000,4000
11480,4000,0.000,4000
11485,4000,0.000,4000
11490,4000,0.000,4000
11495,4000,0.000,4000
11500,4000,0.000,4000
11505,4000,0.000,4000
11510,4000,0.000,4000
11515,4000,0.000,4000
11520,4000,0.000,4000
11525,4000,0.000,4000
11530,4000,0.000,4000
11535,4000,0.000,4000
11540,4000,0.000,4000
11545,4000,0.000,4000
11550,4000,0.000,4000
11555,4000,0.000,4000
11560,4000,0.000,4000
11565,4000,0.000,4000
11570,4000,0.000,4000
11575,4000,0.000,4000
11580,4000,0.000,4000
11585,4000,0.000,4000
11590,4000,0.000,4000
11595,4000,0.000,4000
11600,4000,0.000,4000
11605,4000,0.000,4000
11610,4000,0.000,4000
11615,4000,0.000,4000
11620,4000,0.000,4000
11625,4000,0.000,4000
11630,4000,0.000,4000
11635,4000,0.000,4000
11640,4000,0.000,4000
11645,4000,0.000,4000
11650,4000,0.000,4000
11655,4000,0.000,4000
11660,4000,0.000,4000
11665,4000,0.000,4000
11670,4000,0.000,4000
11675,4000,0.000,4000
11680,4000,0.000,4000
11685,4000,0.000,4000
11690,4000,0.000,4000
11695,4000,0.000,4000
11700,4000,0.000,4000
11705,4000,0.000,4000
11710,4000,0.000,4000
11715,4000,0.150,4000
11720,4000,0.150,4000
11725,4000,0.150,4000
11730,4000,0.150,4000
11735,4000,0.150,4000
11740,4000,0.150,4000
11745,4000,0.150,4000
11750,4000,0.000,4000
11755,4000,0.000,4000
11760,4000,0.000,4000
11765,4000,0.000,4000
11770,4000,0.000,4000
11775,4000,0.000,4000
11780,4000,0.000,4000
11785,4000,0.000,4000
11790,4000,0.000,4000
11795,4000,0.000,4000
11800,4000,0.000,4000
11805,4000,0.000,4000
11810,4000,0.000,4000
11815,4000,0.000,4000
11820,4000,0.000,4000
11825,4000,0.000,4000
11830,4000,0.000,4000
11835,4000,0.000,4000
11840,4000,0.000,4000
11845,4000,0.000,4000
11850,4000,0.000,4000
11855,4000,0.000,4000
11860,4000,0.000,4000
11865,4000,0.000,4000
11870,4000,0.000,4000
11875,4000,0.000,4000
11880,4000,0.000,4000
11885,4000,0.000,4000
11890,4000,0.000,4000
11895,4000,0.000,4000
11900,4000,0.000,4000
11905,4000,0.000,4000
11910,4000,0.000,4000
11915,4000,0.000,4000
11920,4000,0.000,4000
11925,4000,-0.150,4000
11930,4000,-0.150,4000
11935,4000,-0.150,4000
11940,4000,-0.150,4000
11945,4000,0.000,4000
11950,4000,0.000,4000
11955,4000,0.000,4000
11960,4000,0.000,4000
11965,4000,0.000,4000
11970,4000,0.000,4000
11975,4000,0.000,4000
11980,4000,0.000,4000
11985,4000,0.000,4000
11990,4000,0.000,4000
11995,4000,0.150,4000
12000,4000,0.150,4000
12005,4000,0.150,4000
12010,4000,0.150,4000
12015,4000,0.150,4000
12020,4000,0.150,4000
12025,4000,0.150,4000
12030,4000,0.150,4000
12035,4000,0.000,4000
12040,4000,0.000,4000
12045,4000,0.000,4000
12050,4000,0.000,4000
12055,4000,0.000,4000
12060,4000,0.000,4000
12065,4000,0.000,4000
12070,4000,0.000,4000
12075,4000,0.000,4000
12080,4000,0.000,4000
12085,4000,0.000,4000
12090,4000,0.000,4000
12095,4000,0.000,4000
12100,4000,0.000,4000
12105,4000,0.000,4000
12110,4000,0.000,4000
12115,4000,0.000,4000
12120,4000,0.000,4000
12125,4000,0.000,4000
12130,4000,0.000,4000
12135,4000,0.000,4000
12140,4000,0.000,4000
12145,4000,0.000,4000
12150,4000,0.000,4000
12155,4000,0.000,4000
12160,4000,0.150,4000
12165,4000,0.150,4000
12170,4000,0.150,4000
12175,4000,0.150,4000
12180,4000,0.000,4000
12185,4000,0.000,4000
12190,4000,0.000,4000
12195,4000,0.000,4000
12200,4000,0.000,4000
12205,4000,0.000,4000
12210,4000,0.000,4000
12215,4000,0.000,4000
12220,4000,0.000,4000
12225,4000,0.000,4000
12230,4000,0.000,4000
12235,4000,0.000,4000
12240,4000,0.000,4000
12245,4000,0.000,4000
12250,4000,0.000,4000
12255,4000,0.000,4000
12260,4000,0.000,4000
12265,4000,0.000,4000
12270,4000,0.000,4000
12275,4000,0.000,4000
12280,4000,0.000,4000
12285,4000,0.000,4000
12290,4000,0.000,4000
12295,4000,0.000,4000
12300,4000,0.000,4000
12305,4000,0.000,4000
12310,4000,0.000,4000
12315,4000,0.000,4000
12320,4000,0.000,4000
12325,4000,0.000,4000
12330,4000,0.000,4000
12335,4000,0.000,4000
12340,4000,0.000,4000
12345,4000,0.000,4000
12350,4000,0.000,4000
12355,4000,0.000,4000
12360,4000,-0.150,4000
12365,4000,-0.150,4000
12370,4000,-0.150,4000
12375,4000,-0.150,4000
12380,4000,-0.150,4000
12385,4000,-0.150,4000
12390,4000,-0.150,4000
12395,4000,0.000,4000
12400,4000,0.000,4000
12405,4000,0.000,4000
12410,4000,0.000,4000
12415,4000,0.000,4000
12420,4000,0.000,4000
12425,4000,0.000,4000
12430,4000,0.000,4000
12435,4000,0.000,4000
12440,4000,0.150,4000
12445,4000,0.150,4000
12450,4000,0.150,4000
12455,4000,0.150,4000
12460,4000,0.150,4000
12465,4000,0.150,4000
12470,4000,0.150,4000
12475,4000,0.000,4000
12480,4000,0.000,4000
12485,4000,0.000,4000
12490,4000,0.000,4000
12495,4000,0.000,4000
12500,4000,0.000,4000
12505,4000,0.000,4000
12510,4000,0.000,4000
12515,4000,0.000,4000
12520,4000,0.000,4000
12525,4000,0.000,4000
12530,4000,0.000,4000
12535,4000,0.000,4000
12540,4000,0.000,4000
12545,4000,0.000,4000
12550,4000,0.000,4000
12555,4000,0.000,4000
12560,4000,0.000,4000
12565,4000,0.000,4000
12570,4000,0.000,4000
12575,4000,0.150,4000
12580,4000,0.150,4000
12585,4000,0.150,4000
12590,4000,0.150,4000
12595,4000,0.150,4000
12600,4000,0.150,4000
12605,4000,0.150,4000
12610,4000,0.150,4000
12615,4000,0.150,4000
12620,4000,0.000,4000
12625,4000,0.000,4000
12630,4000,0.000,4000
12635,4000,0.000,4000
12640,4000,0.000,4000
12645,4000,0.000,4000
12650,4000,0.000,4000
12655,4000,0.000,4000
12660,4000,-0.150,4000
12665,4000,-0.150,4000
12670,4000,-0.150,4000
12675,4000,-0.150,4000
12680,4000,-0.150,4000
12685,4000,-0.150,4000
12690,4000,-0.150,4000
12695,4000,-0.150,4000
12700,4000,-0.150,4000
12705,4000,0.000,4000
12710,4000,0.000,4000
12715,4000,0.000,4000
12720,4000,0.000,4000
12725,4000,0.000,4000
12730,4000,0.000,4000
12735,4000,0.000,4000
12740,4000,0.000,4000
12745,4000,0.000,4000
12750,4000,0.000,4000
12755,4000,0.000,4000
12760,4000,0.000,4000
12765,4000,0.000,4000
12770,4000,0.000,4000
12775,4000,0.000,4000
12780,4000,0.000,4000
12785,4000,-0.150,4000
12790,4000,-0.150,4000
12795,4000,-0.150,4000
12800,4000,-0.150,4000
12805,4000,-0.150,4000
12810,4000,-0.150,4000
12815,4000,-0.150,4000
12820,4000,-0.150,4000
12825,4000,-0.150,4000
12830,4000,0.000,4000
12835,4000,0.000,4000
12840,4000,0.000,4000
12845,4000,0.000,4000
12850,4000,0.000,4000
12855,4000,0.000,4000
12860,4000,0.000,4000
12865,4000,0.000,4000
12870,4000,0.150,4000
12875,4000,0.150,4000
12880,4000,0.150,4000
12885,4000,0.150,4000
12890,4000,0.150,4000
12895,4000,0.150,4000
12900,4000,0.150,4000
12905,4000,0.150,4000
12910,4000,0.150,4000
12915,4000,0.150,4000
12920,4000,0.150,4000
12925,4000,0.150,4000
12930,4000,0.000,4000
12935,4000,0.000,4000
12940,4000,0.000,4000
12945,4000,0.000,4000
12950,4000,0.000,4000
12955,4000,0.000,4000
12960,4000,0.000,4000
12965,4000,0.000,4000
12970,4000,0.000,4000
12975,4000,0.000,4000
12980,4000,0.000,4000
12985,4000,0.000,4000
12990,4000,0.000,4000
12995,4000,0.000,4000
13000,4000,0.000,4000
13005,4000,0.000,4000
13010,4000,0.000,4000
13015,4000,0.000,4000
13020,4000,0.000,4000
13025,4000,0.000,4000
13030,4000,0.000,4000
13035,4000,0.000,4000
13040,4000,0.000,4000
13045,4000,0.000,4000
13050,4000,0.000,4000
13055,4000,0.000,4000
13060,4000,0.000,4000
13065,4000,0.000,4000
13070,4000,0.000,4000
13075,4000,0.000,4000
13080,4000,-0.150,4000
13085,4000,-0.150,4000
13090,4000,-0.150,4000
13095,4000,-0.150,4000
13100,4000,-0.150,4000
13105,4000,-0.150,4000
13110,4000,-0.150,4000
13115,4000,-0.150,4000
13120,4000,-0.150,4000
13125,4000,-0.150,4000
13130,4000,-0.150,4000
13135,4000,0.000,4000
13140,4000,0.000,4000
13145,4000,0.000,4000
13150,4000,0.000,4000
13155,4000,0.000,4000
13160,4000,0.000,4000
13165,4000,0.000,4000
13170,4000,0.000,4000
13175,4000,0.000,4000
13180,4000,0.000,4000
13185,4000,0.000,4000
13190,4000,0.000,4000
13195,4000,0.000,4000
13200,4000,0.000,4000
13205,4000,0.000,4000
13210,4000,0.000,4000
13215,4000,0.000,4000
13220,4000,0.000,4000
13225,4000,0.000,4000
13230,4000,0.000,4000
13235,4000,0.000,4000
13240,4000,0.000,4000
13245,4000,0.000,4000
13250,4000,0.000,4000
13255,4000,0.000,4000
13260,4000,0.000,4000
13265,4000,0.000,4000
13270,4000,0.000,4000
13275,4000,0.000,4000
13280,4000,0.000,4000
13285,4000,0.000,4000
13290,4000,0.000,4000
13295,4000,0.000,4000
13300,4000,0.000,4000
13305,4000,0.000,4000
13310,4000,0.000,4000
13315,4000,0.000,4000
13320,4000,0.000,4000
13325,4000,0.000,4000
13330,4000,0.000,4000
13335,4000,0.000,4000
13340,4000,0.000,4000
13345,4000,0.000,4000
13350,4000,0.000,4000
13355,4000,0.000,4000
13360,4000,0.000,4000
13365,4000,0.000,4000
13370,4000,0.000,4000
13375,4000,0.000,4000
13380,4000,0.000,4000
13385,4000,0.000,4000
13390,4000,0.000,4000
13395,4000,0.000,4000
13400,4000,0.000,4000
13405,4000,0.000,4000
13410,4000,0.000,4000
13415,4000,0.000,4000
13420,4000,0.000,4000
13425,4000,0.000,4000
13430,4000,0.000,4000
13435,4000,0.000,4000
13440,4000,0.000,4000
13445,4000,0.000,4000
13450,4000,0.000,4000
13455,4000,0.000,4000
13460,4000,0.000,4000
13465,4000,0.000,4000
13470,4000,0.000,4000
13475,4000,0.000,4000
13480,4000,0.000,4000
13485,4000,0.000,4000
13490,4000,0.000,4000
13495,4000,0.000,4000
13500,4000,0.000,4000
13505,4000,0.000,4000
13510,4000,0.000,4000
13515,4000,0.000,4000
13520,4000,0.000,4000
13525,4000,0.000,4000
13530,4000,0.000,4000
13535,4000,0.000,4000
13540,4000,0.000,4000
13545,4000,0.000,4000
13550,4000,0.000,4000
13555,4000,0.000,4000
13560,4000,0.000,4000
13565,4000,0.000,4000
13570,4000,0.000,4000
13575,4000,0.000,4000
13580,4000,0.000,4000
13585,4000,0.000,4000
13590,4000,0.000,4000
13595,4000,0.000,4000
13600,4000,0.000,4000
13605,4000,0.000,4000
13610,4000,0.000,4000
13615,4000,0.000,4000
13620,4000,0.000,4000
13625,4000,0.000,4000
13630,4000,0.000,4000
13635,4000,0.000,4000
13640,4000,0.000,4000
13645,4000,0.000,4000
13650,4000,0.000,4000
13655,4000,0.000,4000
13660,4000,0.000,4000
13665,4000,0.000,4000
13670,4000,0.000,4000
13675,4000,0.000,4000
13680,4000,0.000,4000
13685,4000,0.000,4000
13690,4000,0.000,4000
13695,4000,0.000,4000
13700,4000,0.000,4000
13705,4000,0.000,4000
13710,4000,0.000,4000
13715,4000,0.000,4000
13720,4000,0.000,4000
13725,4000,0.000,4000
13730,4000,0.000,4000
13735,4000,0.000,4000
13740,4000,0.000,4000
13745,4000,0.000,4000
13750,4000,0.000,4000
13755,4000,0.000,4000
13760,4000,0.000,4000
13765,4000,0.000,4000
13770,4000,0.000,4000
13775,4000,0.000,4000
13780,4000,0.000,4000
13785,4000,0.000,4000
13790,4000,0.000,4000
13795,4000,0.000,4000
13800,4000,0.000,4000
13805,4000,0.000,4000
13810,4000,0.000,4000
13815,4000,0.000,4000
13820,4000,0.000,4000
13825,4000,0.000,4000
13830,4000,0.000,4000
13835,4000,0.000,4000
13840,4000,0.000,4000
13845,4000,0.000,4000
13850,4000,0.000,4000
13855,4000,0.000,4000
13860,4000,0.000,4000
13865,4000,0.000,4000
13870,4000,0.000,4000
13875,4000,0.000,4000
13880,4000,0.000,4000
13885,4000,0.000,4000
13890,4000,0.000,4000
13895,4000,0.000,4000
13900,4000,0.000,4000
13905,4000,0.000,4000
13910,4000,0.000,4000
13915,4000,0.000,4000
13920,4000,0.000,4000
13925,4000,0.000,4000
13930,4000,0.000,4000
13935,4000,0.000,4000
13940,4000,0.000,4000
13945,4000,0.000,4000
13950,4000,0.000,4000
13955,4000,0.000,4000
13960,4000,0.000,4000
13965,4000,0.000,4000
13970,4000,0.000,4000
13975,4000,0.000,4000
13980,4000,0.000,4000
13985,4000,0.000,4000
13990,4000,0.000,4000
13995,4000,0.000,4000
14000,4000,0.000,4000
