63840,2605,6.680
63860,2617,6.504
63880,2629,6.680
63900,2642,6.680
63920,2655,6.680
63940,2668,6.680
63960,2681,6.504
63980,2695,6.504
64000,2710,6.504
64020,2724,6.680
64040,2738,6.504
64060,2752,6.504
64080,2766,6.504
64100,2779,6.504
64120,2792,6.328
64140,2805,6.328
64160,2817,6.328
64180,2829,6.328
64200,2840,6.328
64220,2851,6.328
64240,2862,6.328
64260,2872,6.152
64280,2882,6.328
64300,2892,6.328
64320,2901,6.328
64340,2910,6.328
64360,2918,6.328
64380,2926,6.328
64400,2934,6.328
64420,2941,6.328
64440,2948,6.328
64460,2955,6.328
64480,2961,6.328
64500,2967,6.328
64520,2972,6.328
64540,2977,6.328
64560,2982,6.328
64580,2986,6.328
64600,2990,6.328
64620,2993,6.328
64640,2996,6.328
64660,2999,6.328
64680,3001,6.504
64700,3003,6.504
64720,3005,6.328
New target: -855 steps (-96.19 deg)
64740,3006,6.328
64760,3006,6.328
64780,3005,6.328
64800,3004,6.328
64820,3002,6.328
64840,3000,6.328
64860,2997,6.152
64880,2994,6.328
64900,2991,6.152
64920,2987,6.152
64940,2983,6.152
64960,2979,6.152
64980,2974,6.152
65000,2968,6.328
65020,2963,6.152
65040,2957,6.152
65060,2950,6.328
65080,2944,6.328
65100,2937,6.328
65120,2929,6.328
65140,2921,6.328
65160,2913,6.328
65180,2905,6.328
65200,2896,6.328
65220,2887,6.152
65240,2877,6.152
65260,2867,6.152
65280,2857,6.328
65300,2846,6.152
65320,2835,6.152
65340,2823,6.328
65360,2811,6.152
65380,2799,6.328
65400,2786,6.328
65420,2773,6.152
65440,2759,6.328
65460,2745,6.152
65480,2731,6.152
65500,2716,6.152
65520,2701,6.152
65540,2686,6.152
65560,2670,6.328
65580,2654,6.328
65600,2638,6.152
65620,2621,6.328
65640,2604,6.328
65660,2587,6.328
65680,2569,6.328
65700,2552,6.328
65720,2535,6.328
65740,2518,6.504
65760,2502,6.504
65780,2486,6.504
65800,2470,6.504
65820,2456,6.680
65840,2441,6.504
65860,2426,6.504
65880,2412,6.504
65900,2398,6.680
65920,2384,6.680
65940,2371,6.504
65960,2358,6.504
65980,2346,6.680
66000,2334,6.504
66020,2322,6.504
66040,2311,6.504
66060,2300,6.504
66080,2290,6.504
66100,2280,6.504
66120,2270,6.328
66140,2261,6.328
66160,2252,6.328
66180,2244,6.504
66200,2236,6.504
66220,2228,6.680
66240,2220,6.680
66260,2213,6.680
66280,2206,6.855
66300,2200,6.855
66320,2194,6.855
66340,2188,6.680
66360,2183,6.680
66380,2178,6.680
66400,2174,6.504
66420,2170,6.504
66440,2166,6.504
66460,2163,6.504
66480,2160,6.504
66500,2158,6.328
66520,2156,6.504
66540,2154,6.504
66560,2153,6.504
66580,2152,6.504
New target: -511 steps (-57.49 deg)
66600,2151,6.328
66620,2151,6.328
66640,2150,6.504
66660,2148,6.504
66680,2147,6.504
66700,2145,6.504
66720,2142,6.328
66740,2139,6.328
66760,2136,6.152
66780,2132,6.152
66800,2128,6.152
66820,2123,6.152
66840,2119,6.152
66860,2113,6.152
66880,2108,6.152
66900,2102,5.977
66920,2095,6.152
66940,2089,6.152
66960,2082,6.328
66980,2074,6.328
67000,2066,6.328
67020,2058,6.328
67040,2050,6.328
67060,2041,6.328
67080,2032,6.328
67100,2022,6.328
67120,2012,6.152
67140,2001,6.328
67160,1990,6.152
67180,1979,6.152
67200,1968,6.328
67220,1956,6.152
67240,1944,6.328
67260,1932,6.152
67280,1919,6.328
67300,1905,6.328
67320,1891,6.152
67340,1877,6.152
67360,1864,6.328
67380,1851,6.328
67400,1839,6.504
67420,1827,6.328
67440,1815,6.504
67460,1804,6.504
67480,1793,6.680
67500,1783,6.504
67520,1773,6.680
67540,1763,6.680
67560,1754,6.680
67580,1745,6.680
67600,1736,6.680
67620,1728,6.680
67640,1720,6.680
67660,1712,6.504
67680,1705,6.504
67700,1698,6.504
67720,1692,6.504
67740,1686,6.504
67760,1680,6.504
67780,1675,6.504
67800,1670,6.504
67820,1665,6.504
67840,1661,6.504
67860,1657,6.680
67880,1654,6.504
67900,1651,6.504
67920,1648,6.504
67940,1646,6.504
67960,1644,6.504
67980,1642,6.504
68000,1641,6.504
68020,1641,6.504
New target: 637 steps (71.66 deg)
68040,1640,6.504
68060,1641,6.504
68080,1642,6.504
68100,1643,6.504
68120,1645,6.504
68140,1648,6.504
68160,1650,6.504
68180,1653,6.504
68200,1657,6.504
68220,1661,6.680
68240,1665,6.680
68260,1670,6.855
68280,1675,6.855
68300,1680,6.855
68320,1686,6.680
68340,1692,6.680
68360,1699,6.680
68380,1706,6.680
68400,1713,6.680
68420,1721,6.680
68440,1729,6.680
68460,1738,6.680
68480,1747,6.680
68500,1756,6.680
68520,1765,6.680
68540,1775,6.680
68560,1785,6.680
68580,1796,6.680
68600,1807,6.504
68620,1819,6.504
68640,1831,6.504
68660,1843,6.504
68680,1856,6.328
68700,1869,6.504
68720,1882,6.504
68740,1896,6.504
68760,1910,6.504
68780,1924,6.680
68800,1939,6.680
68820,1954,6.680
68840,1969,6.680
68860,1984,6.680
68880,1999,6.680
68900,2013,6.680
68920,2027,6.680
68940,2041,6.504
68960,2054,6.504
68980,2066,6.328
69000,2078,6.152
69020,2090,6.152
69040,2102,6.152
69060,2113,6.152
69080,2124,6.328
69100,2134,6.152
69120,2144,6.152
69140,2154,6.328
69160,2163,6.328
69180,2172,6.328
69200,2181,6.328
69220,2189,6.328
69240,2197,6.328
69260,2205,6.328
69280,2212,6.504
69300,2219,6.504
69320,2226,6.504
69340,2232,6.328
69360,2238,6.328
69380,2243,6.504
69400,2248,6.328
69420,2253,6.328
69440,2257,6.328
69460,2260,6.504
69480,2264,6.328
69500,2267,6.504
69520,2269,6.504
69540,2271,6.328
69560,2273,6.504
69580,2275,6.504
69600,2276,6.504
69620,2276,6.504
New target: -466 steps (-52.42 deg)
69640,2277,6.328
69660,2276,6.328
69680,2275,6.328
69700,2274,6.328
69720,2272,6.328
69740,2269,6.152
69760,2267,6.328
69780,2264,6.328
69800,2260,6.152
69820,2256,6.328
69840,2252,6.328
69860,2247,6.504
69880,2242,6.504
69900,2237,6.504
69920,2231,6.504
69940,2225,6.504
69960,2218,6.504
69980,2211,6.504
70000,2204,6.328
70020,2196,6.328
70040,2188,6.328
70060,2179,6.152
70080,2170,6.152
70100,2161,6.328
70120,2151,6.328
70140,2141,6.328
70160,2130,6.328
70180,2119,6.328
70200,2108,6.328
70220,2096,6.504
70240,2084,6.328
70260,2072,6.504
70280,2059,6.328
70300,2046,6.328
70320,2033,6.328
70340,2020,6.328
70360,2007,6.328
70380,1995,6.328
70400,1983,6.504
70420,1972,6.328
70440,1961,6.504
70460,1950,6.504
70480,1940,6.504
70500,1930,6.680
70520,1921,6.680
70540,1912,6.680
70560,1903,6.680
70580,1895,6.680
70600,1887,6.680
70620,1879,6.680
70640,1872,6.680
70660,1865,6.680
70680,1859,6.680
70700,1853,6.504
70720,1847,6.504
70740,1842,6.504
70760,1837,6.504
70780,1833,6.680
70800,1829,6.504
70820,1825,6.680
70840,1822,6.504
70860,1819,6.504
70880,1817,6.680
70900,1815,6.504
70920,1813,6.504
70940,1812,6.680
New target: 979 steps (110.14 deg)
70960,1811,6.680
70980,1812,6.680
71000,1813,6.680
71020,1814,6.680
71040,1816,6.680
71060,1819,6.680
71080,1821,6.680
71100,1824,6.680
71120,1828,6.680
71140,1832,6.504
71160,1836,6.680
71180,1841,6.680
71200,1846,6.680
71220,1851,6.680
71240,1857,6.680
71260,1863,6.680
71280,1870,6.680
71300,1877,6.680
71320,1884,6.680
71340,1892,6.680
71360,1900,6.680
71380,1909,6.680
71400,1918,6.680
71420,1927,6.680
71440,1937,6.680
71460,1947,6.680
71480,1957,6.680
71500,1968,6.680
71520,1980,6.680
71540,1991,6.680
71560,2003,6.680
71580,2015,6.504
71600,2028,6.680
71620,2041,6.680
71640,2054,6.680
71660,2068,6.680
71680,2082,6.680
71700,2097,6.504
71720,2112,6.680
71740,2128,6.680
71760,2144,6.680
71780,2160,6.680
71800,2176,6.680
71820,2193,6.504
71840,2210,6.680
71860,2228,6.680
71880,2246,6.680
71900,2264,6.680
71920,2283,6.680
71940,2302,6.680
71960,2321,6.680
71980,2340,6.680
72000,2358,6.680
72020,2376,6.504
72040,2394,6.504
72060,2411,6.504
72080,2428,6.504
72100,2444,6.328
72120,2460,6.328
72140,2476,6.328
72160,2491,6.328
72180,2506,6.328
72200,2521,6.152
72220,2535,6.328
72240,2549,6.328
72260,2562,6.328
72280,2575,6.328
72300,2588,6.328
72320,2600,6.328
72340,2612,6.504
72360,2624,6.328
72380,2635,6.504
72400,2646,6.504
72420,2656,6.328
72440,2666,6.504
72460,2676,6.504
72480,2685,6.328
72500,2694,6.328
72520,2702,6.328
72540,2710,6.328
72560,2718,6.328
72580,2725,6.328
72600,2732,6.328
72620,2739,6.504
72640,2745,6.504
72660,2751,6.328
72680,2756,6.504
72700,2761,6.328
72720,2766,6.504
72740,2770,6.504
72760,2773,6.328
72780,2777,6.328
72800,2780,6.504
72820,2782,6.328
72840,2784,6.504
72860,2786,6.504
72880,2788,6.504
72900,2789,6.328
72920,2789,6.328
New target: 857 steps (96.41 deg)
72940,2790,6.328
72960,2791,6.328
72980,2792,6.504
73000,2793,6.680
73020,2795,6.680
73040,2798,6.680
73060,2800,6.680
73080,2803,6.680
73100,2807,6.680
73120,2811,6.855
73140,2815,6.680
73160,2820,6.855
73180,2825,6.680
73200,2830,6.680
73220,2836,6.680
73240,2842,6.680
73260,2849,6.680
73280,2856,6.680
73300,2863,6.680
73320,2871,6.680
73340,2879,6.680
73360,2888,6.680
73380,2897,6.680
73400,2906,6.680
73420,2916,6.680
73440,2926,6.680
73460,2936,6.680
73480,2947,6.680
73500,2958,6.680
73520,2970,6.680
73540,2982,6.680
73560,2994,6.680
73580,3007,6.680
73600,3020,6.680
73620,3034,6.680
73640,3048,6.680
73660,3062,6.680
73680,3077,6.680
73700,3091,6.680
73720,3107,6.680
73740,3122,6.680
73760,3138,6.680
73780,3154,6.680
73800,3171,6.680
73820,3188,6.680
73840,3206,6.680
73860,3224,6.680
73880,3242,6.680
73900,3259,6.680
73920,3276,6.680
73940,3293,6.504
73960,3309,6.504
73980,3325,6.504
74000,3340,6.504
74020,3355,6.328
74040,3370,6.328
74060,3384,6.328
74080,3398,6.328
74100,3411,6.328
74120,3424,6.328
74140,3437,6.328
74160,3450,6.328
74180,3462,6.504
74200,3474,6.504
74220,3485,6.504
74240,3496,6.328
74260,3507,6.504
74280,3517,6.504
74300,3527,6.328
74320,3536,6.328
74340,3545,6.328
74360,3554,6.328
74380,3562,6.504
74400,3570,6.328
74420,3578,6.328
74440,3585,6.504
74460,3592,6.328
74480,3598,6.504
74500,3604,6.504
74520,3610,6.504
74540,3615,6.328
74560,3620,6.504
74580,3624,6.504
74600,3628,6.504
74620,3632,6.328
74640,3635,6.504
74660,3638,6.328
74680,3640,6.328
74700,3642,6.504
74720,3644,6.504
74740,3645,6.328
74760,3646,6.328
New target: 837 steps (94.16 deg)
74780,3647,6.328
74800,3647,6.328
74820,3648,6.504
74840,3650,6.680
74860,3651,6.680
74880,3654,6.680
74900,3656,6.680
74920,3659,6.680
74940,3663,6.680
74960,3666,6.855
74980,3670,6.680
75000,3675,6.855
75020,3680,6.680
75040,3685,6.680
75060,3691,6.680
75080,3697,6.680
75100,3704,6.680
75120,3711,6.680
75140,3718,6.680
75160,3726,6.680
75180,3734,6.680
75200,3742,6.680
75220,3751,6.680
75240,3760,6.680
75260,3770,6.680
75280,3780,6.680
75300,3790,6.680
75320,3801,6.680
75340,3812,6.680
75360,3824,6.680
75380,3836,6.680
75400,3848,6.680
75420,3861,6.680
75440,3874,6.680
75460,3888,6.680
75480,3902,6.680
75500,3916,6.680
75520,3930,6.680
75540,3945,6.680
75560,3960,6.680
75580,3975,6.680
75600,3991,6.680
75620,4007,6.680
75640,4024,6.680
75660,4041,6.680
75680,4059,6.680
75700,4077,6.680
75720,4094,6.680
75740,4111,6.680
75760,4128,6.504
75780,4144,6.504
75800,4160,6.504
75820,4175,6.504
75840,4190,6.504
75860,4205,6.328
75880,4220,6.328
75900,4234,6.328
75920,4248,6.328
75940,4261,6.328
75960,4274,6.328
75980,4287,6.328
76000,4299,6.504
76020,4311,6.328
76040,4322,6.504
76060,4333,6.504
76080,4344,6.504
76100,4354,6.504
76120,4364,6.504
76140,4373,6.504
76160,4382,6.328
76180,4391,6.328
76200,4399,6.328
76220,4407,6.328
76240,4415,6.328
76260,4422,6.328
76280,4429,6.504
76300,4435,6.504
76320,4441,6.504
76340,4447,6.504
76360,4452,6.504
76380,4457,6.504
76400,4461,6.504
76420,4465,6.504
76440,4469,6.504
76460,4472,6.504
76480,4475,6.504
76500,4477,6.328
76520,4479,6.328
76540,4481,6.504
76560,4482,6.504
76580,4483,6.504
New target: -929 steps (-104.51 deg)
76600,4484,6.504
76620,4484,6.504
76640,4483,6.504
76660,4481,6.504
76680,4480,6.328
76700,4477,6.328
76720,4475,6.328
76740,4472,6.328
76760,4469,6.328
76780,4465,6.328
76800,4461,6.328
76820,4456,6.328
76840,4451,6.328
76860,4446,6.328
76880,4440,6.328
76900,4434,6.328
76920,4427,6.328
76940,4420,6.328
76960,4413,6.328
76980,4405,6.328
77000,4397,6.328
77020,4389,6.328
77040,4380,6.328
77060,4371,6.328
77080,4361,6.328
77100,4351,6.328
77120,4341,6.328
77140,4330,6.328
77160,4319,6.328
77180,4308,6.328
77200,4296,6.504
77220,4284,6.328
77240,4271,6.328
77260,4258,6.328
77280,4245,6.328
77300,4231,6.328
77320,4217,6.328
77340,4202,6.328
77360,4187,6.328
77380,4172,6.328
77400,4156,6.328
77420,4140,6.328
77440,4123,6.328
77460,4106,6.328
77480,4089,6.328
77500,4071,6.328
77520,4053,6.328
77540,4034,6.328
77560,4015,6.328
77580,3997,6.328
77600,3979,6.328
77620,3961,6.504
77640,3943,6.504
77660,3926,6.504
77680,3909,6.680
77700,3893,6.680
77720,3877,6.680
77740,3861,6.680
77760,3846,6.680
77780,3831,6.680
77800,3816,6.680
77820,3802,6.680
77840,3788,6.504
77860,3775,6.680
77880,3762,6.504
77900,3750,6.504
77920,3738,6.504
77940,3726,6.504
77960,3715,6.504
77980,3704,6.680
78000,3694,6.680
78020,3684,6.680
78040,3674,6.680
78060,3665,6.855
78080,3656,6.855
78100,3647,6.680
78120,3639,6.680
78140,3631,6.680
78160,3623,6.504
78180,3616,6.504
78200,3610,6.504
78220,3603,6.504
78240,3597,6.504
78260,3592,6.680
78280,3587,6.680
78300,3582,6.680
78320,3578,6.680
78340,3574,6.680
78360,3570,6.680
78380,3567,6.504
78400,3564,6.680
78420,3562,6.680
78440,3560,6.504
78460,3558,6.504
78480,3557,6.504
78500,3556,6.504
New target: 416 steps (46.80 deg)
78520,3555,6.504
78540,3555,6.504
78560,3556,6.504
78580,3558,6.504
78600,3559,6.504
78620,3562,6.680
78640,3564,6.680
78660,3567,6.680
78680,3571,6.680
78700,3574,6.680
78720,3578,6.855
78740,3583,6.680
78760,3588,6.680
78780,3593,6.680
78800,3599,6.680
78820,3605,6.680
78840,3612,6.680
78860,3619,6.680
78880,3626,6.680
78900,3634,6.680
78920,3642,6.680
78940,3650,6.680
78960,3659,6.680
78980,3668,6.680
79000,3678,6.680
79020,3688,6.680
79040,3698,6.680
79060,3709,6.680
79080,3720,6.680
79100,3732,6.680
79120,3744,6.680
79140,3756,6.680
79160,3769,6.504
79180,3781,6.680
79200,3793,6.504
79220,3805,6.504
79240,3816,6.504
79260,3827,6.504
79280,3837,6.504
79300,3847,6.328
79320,3857,6.328
79340,3866,6.328
79360,3875,6.504
79380,3884,6.504
79400,3892,6.504
79420,3899,6.504
79440,3906,6.504
79460,3913,6.504
79480,3920,6.504
79500,3926,6.504
79520,3932,6.504
79540,3937,6.504
79560,3942,6.504
79580,3947,6.504
79600,3951,6.504
79620,3955,6.504
79640,3958,6.504
79660,3961,6.504
79680,3964,6.504
79700,3966,6.328
79720,3968,6.504
79740,3970,6.504
New target: 15 steps (1.69 deg)
79760,3971,6.504
79780,3971,6.504
79800,3972,6.504
79820,3974,6.504
79840,3975,6.504
79860,3977,6.680
79880,3980,6.680
79900,3982,6.680
79920,3983,6.680
79940,3984,6.680
79960,3985,6.680
New target: -530 steps (-59.63 deg)
79980,3986,6.680
80000,3986,6.504
80020,3985,6.504
80040,3983,6.328
80060,3981,6.328
80080,3979,6.328
80100,3976,6.504
80120,3973,6.328
80140,3970,6.328
80160,3966,6.328
80180,3962,6.328
80200,3957,6.328
80220,3952,6.504
80240,3947,6.328
80260,3941,6.328
80280,3935,6.328
80300,3928,6.504
80320,3921,6.328
80340,3914,6.328
80360,3906,6.328
80380,3898,6.328
80400,3889,6.328
80420,3881,6.504
80440,3872,6.504
80460,3862,6.328
80480,3852,6.328
80500,3842,6.328
80520,3832,6.328
80540,3821,6.328
80560,3810,6.328
80580,3799,6.328
80600,3787,6.328
80620,3775,6.504
80640,3762,6.328
80660,3749,6.328
80680,3735,6.504
80700,3721,6.328
80720,3707,6.328
80740,3694,6.328
80760,3681,6.504
80780,3669,6.504
80800,3657,6.680
80820,3645,6.504
80840,3633,6.680
80860,3622,6.680
80880,3611,6.680
80900,3600,6.680
80920,3590,6.680
80940,3580,6.680
80960,3570,6.680
80980,3561,6.680
81000,3552,6.680
81020,3544,6.680
81040,3536,6.680
81060,3528,6.680
81080,3521,6.680
81100,3514,6.680
81120,3507,6.504
81140,3501,6.504
81160,3495,6.680
81180,3490,6.680
81200,3485,6.504
81220,3480,6.680
81240,3476,6.504
81260,3472,6.680
81280,3469,6.504
81300,3466,6.680
81320,3463,6.504
81340,3461,6.504
81360,3459,6.504
81380,3457,6.680
New target: -721 steps (-81.11 deg)
81400,3456,6.504
81420,3456,6.504
81440,3455,6.504
81460,3453,6.504
81480,3452,6.504
81500,3450,6.504
81520,3447,6.328
81540,3444,6.328
81560,3441,6.328
81580,3437,6.152
81600,3433,6.328
81620,3428,6.152
81640,3423,6.152
81660,3418,6.328
81680,3412,6.152
81700,3406,6.152
81720,3400,6.328
81740,3393,6.328
81760,3386,6.328
81780,3378,6.328
81800,3370,6.328
81820,3362,6.328
81840,3353,6.328
81860,3344,6.328
81880,3334,6.328
81900,3324,6.328
81920,3314,6.328
81940,3303,6.328
81960,3292,6.328
81980,3281,6.328
82000,3269,6.328
82020,3257,6.328
82040,3245,6.328
82060,3233,6.328
82080,3220,6.328
82100,3207,6.328
82120,3193,6.328
82140,3179,6.328
82160,3165,6.328
82180,3150,6.328
82200,3135,6.328
82220,3120,6.328
82240,3104,6.328
82260,3087,6.328
82280,3071,6.328
82300,3055,6.328
82320,3040,6.328
82340,3025,6.504
82360,3011,6.504
82380,2997,6.504
82400,2983,6.680
82420,2970,6.680
82440,2957,6.680
82460,2944,6.855
82480,2932,6.680
82500,2921,6.855
82520,2910,6.680
82540,2899,6.680
82560,2888,6.680
82580,2878,6.504
82600,2868,6.504
82620,2858,6.680
82640,2849,6.680
82660,2840,6.680
82680,2831,6.504
82700,2823,6.504
82720,2815,6.504
82740,2808,6.680
82760,2801,6.680
82780,2794,6.680
82800,2787,6.680
82820,2781,6.680
82840,2775,6.680
82860,2770,6.680
82880,2765,6.504
82900,2760,6.680
82920,2756,6.504
82940,2752,6.680
82960,2749,6.504
82980,2746,6.680
83000,2743,6.504
83020,2741,6.504
83040,2739,6.680
83060,2737,6.680
83080,2736,6.680
83100,2736,6.504
New target: -372 steps (-41.85 deg)
83120,2735,6.504
83140,2734,6.504
83160,2733,6.504
83180,2732,6.504
83200,2730,6.504
83220,2727,6.504
83240,2725,6.328
83260,2722,6.328
83280,2718,6.328
83300,2714,6.328
83320,2710,6.152
83340,2705,6.328
83360,2700,6.152
83380,2695,6.152
83400,2689,6.328
83420,2683,6.328
83440,2676,6.328
83460,2669,6.152
83480,2662,6.328
83500,2654,6.328
83520,2646,6.328
83540,2637,6.328
83560,2628,6.328
83580,2619,6.328
83600,2609,6.328
83620,2599,6.328
83640,2588,6.328
83660,2578,6.328
83680,2567,6.328
83700,2555,6.328
83720,2543,6.328
83740,2532,6.328
83760,2521,6.504
83780,2510,6.328
83800,2500,6.504
83820,2490,6.680
83840,2480,6.680
83860,2471,6.680
83880,2462,6.680
83900,2453,6.680
83920,2445,6.680
83940,2437,6.680
83960,2430,6.680
83980,2423,6.680
84000,2416,6.680
84020,2410,6.504
84040,2404,6.504
84060,2398,6.504
84080,2393,6.504
84100,2389,6.504
84120,2384,6.680
84140,2380,6.504
84160,2377,6.680
84180,2374,6.504
84200,2371,6.680
84220,2369,6.680
84240,2367,6.504
84260,2365,6.504
84280,2364,6.504
New target: -965 steps (-108.56 deg)
84300,2363,6.680
84320,2362,6.680
84340,2361,6.504
84360,2359,6.504
84380,2357,6.328
84400,2355,6.328
84420,2352,6.328
84440,2349,6.152
84460,2346,6.328
84480,2342,6.152
84500,2337,6.328
84520,2333,6.152
84540,2328,6.328
84560,2322,6.152
84580,2316,6.152
84600,2310,6.152
84620,2303,6.328
84640,2296,6.328
84660,2289,6.328
84680,2281,6.328
84700,2273,6.328
84720,2264,6.328
84740,2255,6.328
84760,2246,6.328
84780,2237,6.152
84800,2227,6.328
84820,2217,6.328
84840,2206,6.152
84860,2195,6.152
84880,2183,6.328
84900,2171,6.328
84920,2159,6.328
84940,2146,6.328
84960,2133,6.328
84980,2120,6.328
85000,2106,6.328
85020,2092,6.328
85040,2078,6.328
85060,2063,6.328
85080,2048,6.328
85100,2033,6.328
85120,2017,6.328
85140,2001,6.328
85160,1985,6.328
85180,1969,6.328
85200,1952,6.328
85220,1935,6.328
85240,1917,6.328
85260,1898,6.328
85280,1880,6.328
85300,1862,6.328
85320,1844,6.328
85340,1827,6.328
85360,1809,6.504
85380,1792,6.504
85400,1776,6.504
85420,1760,6.504
85440,1744,6.504
85460,1728,6.504
85480,1712,6.504
85500,1697,6.504
85520,1682,6.504
85540,1667,6.504
85560,1653,6.504
85580,1640,6.680
85600,1627,6.504
85620,1614,6.504
85640,1602,6.504
85660,1590,6.504
85680,1578,6.504
85700,1567,6.504
85720,1556,6.504
85740,1545,6.504
85760,1535,6.504
85780,1525,6.504
85800,1515,6.504
85820,1506,6.504
85840,1497,6.504
85860,1488,6.680
85880,1480,6.680
85900,1472,6.504
85920,1465,6.504
85940,1458,6.504
85960,1451,6.504
85980,1445,6.504
86000,1439,6.504
86020,1434,6.504
86040,1429,6.504
86060,1424,6.680
86080,1420,6.504
86100,1416,6.504
86120,1412,6.504
86140,1409,6.504
86160,1406,6.504
86180,1404,6.504
86200,1402,6.504
86220,1401,6.504
86240,1400,6.504
86260,1399,6.328
New target: -836 steps (-94.05 deg)
86280,1398,6.504
86300,1398,6.504
86320,1397,6.504
86340,1395,6.504
86360,1393,6.504
86380,1391,6.328
86400,1388,6.328
86420,1385,6.328
86440,1382,6.152
86460,1378,6.152
86480,1374,6.152
86500,1369,6.152
86520,1364,6.152
86540,1359,6.152
86560,1353,6.152
86580,1347,6.152
86600,1340,6.152
86620,1333,6.152
86640,1326,6.152
86660,1318,6.328
86680,1310,6.328
86700,1301,6.152
86720,1292,6.152
86740,1283,6.152
86760,1273,6.328
86780,1263,6.328
86800,1253,6.152
86820,1243,6.328
86840,1232,6.328
86860,1221,6.328
86880,1209,6.328
86900,1197,6.152
86920,1185,6.328
86940,1172,6.152
86960,1159,6.328
86980,1145,6.328
87000,1131,6.152
87020,1117,6.152
87040,1103,6.328
87060,1088,6.328
87080,1073,6.328
87100,1057,6.328
87120,1041,6.328
87140,1024,6.152
87160,1008,6.328
87180,991,6.328
87200,974,6.328
87220,957,6.328
87240,941,6.328
87260,924,6.328
87280,908,6.328
87300,892,6.504
87320,877,6.504
87340,862,6.504
87360,847,6.680
87380,833,6.680
87400,818,6.680
87420,804,6.504
87440,791,6.680
87460,778,6.680
87480,765,6.504
87500,753,6.680
87520,741,6.504
87540,730,6.680
87560,719,6.680
87580,708,6.504
87600,698,6.680
87620,688,6.680
87640,678,6.504
87660,669,6.504
87680,660,6.504
87700,651,6.504
87720,643,6.504
87740,635,6.504
87760,628,6.504
87780,621,6.504
87800,614,6.504
87820,608,6.680
87840,602,6.680
87860,597,6.504
87880,592,6.504
87900,587,6.504
87920,583,6.504
87940,579,6.504
87960,575,6.504
87980,572,6.504
88000,569,6.680
88020,567,6.504
88040,565,6.504
88060,564,6.504
88080,563,6.504
New target: 799 steps (89.89 deg)
88100,562,6.680
88120,563,6.504
88140,564,6.504
88160,566,6.504
88180,568,6.680
88200,570,6.680
88220,573,6.680
88240,576,6.680
88260,580,6.680
88280,584,6.680
88300,588,6.680
88320,593,6.680
88340,598,6.680
88360,603,6.680
88380,609,6.680
88400,616,6.680
88420,622,6.680
88440,629,6.680
88460,637,6.680
88480,645,6.680
88500,653,6.680
88520,661,6.504
88540,670,6.504
88560,679,6.504
88580,689,6.680
88600,699,6.680
88620,710,6.680
88640,721,6.680
88660,732,6.680
88680,743,6.504
88700,755,6.680
88720,767,6.504
88740,779,6.680
88760,792,6.504
88780,805,6.680
88800,819,6.680
88820,833,6.504
88840,847,6.680
88860,862,6.680
88880,877,6.680
88900,893,6.680
88920,909,6.680
88940,925,6.680
88960,941,6.680
88980,958,6.680
89000,975,6.680
89020,991,6.504
89040,1007,6.504
89060,1023,6.504
89080,1039,6.504
89100,1054,6.504
89120,1068,6.328
89140,1082,6.328
89160,1096,6.152
89180,1109,6.328
89200,1123,6.328
89220,1136,6.152
89240,1149,6.328
89260,1162,6.328
89280,1174,6.328
89300,1186,6.504
89320,1197,6.504
89340,1208,6.328
89360,1219,6.504
89380,1229,6.328
89400,1239,6.328
89420,1249,6.328
89440,1258,6.328
89460,1267,6.328
89480,1275,6.328
89500,1283,6.328
89520,1291,6.328
89540,1298,6.328
89560,1305,6.328
89580,1311,6.328
89600,1317,6.328
89620,1323,6.328
89640,1328,6.328
89660,1333,6.328
89680,1337,6.504
89700,1341,6.328
89720,1345,6.328
89740,1348,6.328
89760,1351,6.328
89780,1354,6.504
89800,1356,6.328
89820,1358,6.328
89840,1359,6.328
89860,1360,6.328
89880,1360,6.328
New target: 641 steps (72.11 deg)
89900,1361,6.504
89920,1362,6.504
89940,1363,6.504
89960,1365,6.504
89980,1367,6.504
90000,1369,6.680
90020,1372,6.680
90040,1375,6.504
90060,1379,6.680
90080,1383,6.680
90100,1387,6.680
90120,1392,6.680
90140,1397,6.680
90160,1403,6.680
90180,1409,6.680
90200,1415,6.680
90220,1422,6.680
90240,1429,6.680
90260,1436,6.680
90280,1444,6.680
90300,1452,6.680
90320,1460,6.680
90340,1469,6.680
90360,1478,6.504
90380,1487,6.504
90400,1497,6.680
90420,1507,6.680
90440,1518,6.680
90460,1529,6.680
90480,1541,6.680
90500,1553,6.680
90520,1565,6.680
90540,1578,6.680
90560,1591,6.680
90580,1604,6.680
90600,1617,6.504
90620,1631,6.504
90640,1645,6.680
90660,1659,6.680
90680,1674,6.680
90700,1689,6.504
90720,1704,6.504
90740,1719,6.680
90760,1733,6.680
90780,1747,6.504
90800,1761,6.328
90820,1774,6.504
90840,1787,6.504
90860,1800,6.328
90880,1812,6.328
90900,1824,6.152
90920,1836,6.328
90940,1847,6.152
90960,1858,6.328
90980,1868,6.328
91000,1878,6.328
91020,1888,6.328
91040,1897,6.328
91060,1906,6.328
91080,1914,6.504
91100,1922,6.504
91120,1930,6.504
91140,1937,6.328
91160,1944,6.328
91180,1951,6.328
91200,1957,6.328
91220,1963,6.328
91240,1968,6.328
91260,1973,6.328
91280,1977,6.504
91300,1981,6.328
91320,1985,6.504
91340,1989,6.328
91360,1992,6.328
91380,1994,6.504
91400,1996,6.328
91420,1998,6.328
91440,2000,6.328
91460,2001,6.504
91480,2001,6.504
New target: 966 steps (108.68 deg)
91500,2002,6.504
91520,2003,6.504
91540,2004,6.504
91560,2005,6.504
91580,2007,6.504
91600,2010,6.680
91620,2012,6.680
91640,2015,6.680
91660,2019,6.680
91680,2023,6.680
91700,2027,6.855
91720,2032,6.680
91740,2037,6.680
91760,2042,6.680
91780,2048,6.680
91800,2054,6.680
91820,2061,6.680
91840,2068,6.680
91860,2075,6.680
91880,2083,6.680
91900,2091,6.680
91920,2100,6.680
91940,2109,6.680
91960,2118,6.680
91980,2128,6.680
92000,2138,6.680
92020,2148,6.680
92040,2159,6.680
92060,2170,6.680
92080,2181,6.680
92100,2193,6.680
92120,2205,6.680
92140,2218,6.680
92160,2231,6.680
92180,2244,6.680
92200,2258,6.680
92220,2272,6.680
92240,2287,6.680
92260,2301,6.680
92280,2316,6.680
92300,2331,6.680
92320,2347,6.680
92340,2363,6.680
92360,2380,6.680
92380,2397,6.680
92400,2414,6.680
92420,2431,6.680
92440,2449,6.680
92460,2467,6.680
92480,2486,6.680
92500,2505,6.680
92520,2524,6.680
92540,2542,6.504
92560,2558,6.504
92580,2575,6.504
92600,2591,6.504
92620,2607,6.328
92640,2623,6.328
92660,2638,6.328
92680,2653,6.328
92700,2668,6.328
92720,2683,6.328
92740,2697,6.328
92760,2711,6.328
92780,2724,6.504
92800,2737,6.328
92820,2750,6.504
92840,2763,6.504
92860,2775,6.328
92880,2787,6.504
92900,2799,6.328
92920,2810,6.504
92940,2821,6.504
92960,2832,6.328
92980,2842,6.504
93000,2851,6.504
93020,2860,6.328
93040,2869,6.328
93060,2877,6.328
93080,2885,6.328
93100,2893,6.328
93120,2900,6.328
93140,2907,6.504
93160,2914,6.504
93180,2920,6.328
93200,2926,6.504
93220,2932,6.504
93240,2937,6.504
93260,2942,6.504
93280,2946,6.504
93300,2950,6.328
93320,2954,6.504
93340,2957,6.328
93360,2960,6.328
93380,2962,6.504
93400,2964,6.328
93420,2966,6.328
93440,2967,6.328
New target: -324 steps (-36.45 deg)
93460,2968,6.504
93480,2967,6.328
93500,2966,6.328
93520,2965,6.504
93540,2963,6.504
93560,2960,6.504
93580,2958,6.328
93600,2955,6.328
93620,2951,6.328
93640,2947,6.152
93660,2943,6.328
93680,2938,6.152
93700,2933,6.152
93720,2928,6.152
93740,2922,6.152
93760,2916,6.152
93780,2909,6.152
93800,2902,6.328
93820,2895,6.328
93840,2887,6.328
93860,2879,6.328
93880,2870,6.328
93900,2861,6.328
93920,2852,6.328
93940,2842,6.328
93960,2832,6.328
93980,2822,6.328
94000,2811,6.328
94020,2800,6.328
94040,2790,6.328
94060,2780,6.328
94080,2770,6.504
94100,2760,6.504
94120,2751,6.504
94140,2742,6.504
94160,2733,6.504
94180,2725,6.680
94200,2717,6.680
94220,2710,6.680
94240,2703,6.680
94260,2696,6.680
94280,2690,6.680
94300,2684,6.504
94320,2679,6.504
94340,2674,6.504
94360,2669,6.504
94380,2665,6.504
94400,2661,6.504
94420,2657,6.504
94440,2654,6.504
94460,2652,6.504
94480,2649,6.680
94500,2647,6.680
94520,2646,7.031
94540,2645,7.383
New target: -876 steps (-98.55 deg)
94560,2644,7.559
94580,2643,7.910
94600,2642,7.910
94620,2640,7.734
94640,2638,7.383
94660,2636,6.855
94680,2633,6.504
94700,2630,5.801
94720,2626,5.449
94740,2622,4.922
94760,2618,4.746
94780,2613,4.570
94800,2608,4.746
94820,2602,4.922
94840,2596,5.098
94860,2590,5.273
94880,2583,5.625
94900,2576,6.152
94920,2568,6.504
94940,2560,6.855
94960,2552,7.207
94980,2543,7.559
95000,2534,7.734
95020,2525,7.734
95040,2516,7.734
95060,2506,7.734
95080,2496,7.734
95100,2485,7.559
95120,2474,7.383
95140,2462,6.855
95160,2450,6.504
95180,2438,5.625
95200,2425,4.922
95220,2412,4.043
95240,2398,3.340
95260,2384,2.461
95280,2370,1.758
95300,2355,1.406
95320,2340,1.406
95340,2324,1.934
95360,2308,2.813
95380,2292,4.043
95400,2275,5.273
95420,2258,6.504
95440,2241,7.559
95460,2224,8.613
95480,2207,9.668
95500,2189,10.371
95520,2172,10.723
95540,2155,10.723
95560,2139,10.371
95580,2123,9.844
95600,2107,9.141
95620,2092,8.086
95640,2077,7.031
95660,2062,5.977
95680,2047,4.746
95700,2033,3.516
95720,2019,2.813
95740,2005,2.109
95760,1992,1.934
95780,1979,1.758
95800,1967,1.934
95820,1955,2.461
95840,1944,3.164
95860,1933,4.043
95880,1922,5.273
95900,1911,6.504
95920,1901,7.734
95940,1891,8.965
95960,1881,10.020
95980,1872,10.723
96000,1863,11.074
96020,1855,11.250
96040,1847,10.898
96060,1839,10.371
96080,1832,9.844
96100,1825,8.789
96120,1819,7.910
96140,1813,6.855
96160,1807,5.977
96180,1802,5.098
96200,1797,4.219
96220,1792,3.867
96240,1788,3.340
96260,1784,3.164
96280,1781,3.164
96300,1778,3.516
96320,1775,4.043
96340,1773,4.570
96360,1771,5.449
96380,1769,6.152
New target: -756 steps (-85.05 deg)
96400,1768,6.855
96420,1768,7.559
96440,1767,8.086
96460,1765,8.438
96480,1764,8.789
96500,1762,8.789
96520,1759,8.613
96540,1756,8.262
96560,1753,8.086
96580,1749,7.383
96600,1745,7.031
96620,1740,6.328
96640,1735,5.801
96660,1730,5.273
96680,1724,4.922
96700,1718,4.570
96720,1712,4.395
96740,1705,4.219
96760,1698,4.043
96780,1690,3.691
96800,1682,3.516
96820,1674,3.516
96840,1665,3.340
96860,1656,2.988
96880,1646,2.637
96900,1636,2.461
96920,1626,2.285
96940,1615,2.109
96960,1604,1.758
96980,1593,1.582
97000,1581,1.230
97020,1569,1.055
97040,1557,0.879
97060,1544,0.879
97080,1531,0.703
97100,1517,0.352
97120,1503,0.352
97140,1489,0.176
97160,1475,0.176
97180,1460,0.000
